{"4kD9dmy0RCnNrnyPWRRkcw==":"105196553-960x540.jpg","QBmLoe5Qnmhfyp9DeLRVRQ==":"maxresdefault-1280x720.jpg","qnEvrLqglmifZg40ysH1/Q==":"mbr-1620x1080.jpg","+7NJMBlUiaFDA6ZwTkjCdA==":"logo%20gullo%20con%20logo%20bb%20regione-451x329.jpg","gSp5R2upqKywvQryFjwJJg==":"mbr-600x371.jpg","mLs3+V4alSM+dzMScOM04Q==":"img-20150905-wa0016-1400x600.jpg","97VSQOTogdTvnkANvJX02w==":"105332245-1024x768.jpg","RnK+qRHpRa7K9Hrd7WumsQ==":"105196531-1024x768.jpg","e8yIHqiSci7MhB350H4lYg==":"105196537-1024x768.jpg","JYcBoXQE8uxyV9+/INp51A==":"logo%20gullo%20con%20logo%20bb%20regione-128x93.jpg","KHYUfEDA4GbO63ckpVDpww==":"p1180430-1400x600.jpg","uQLeED336gtqWxDZJyJmoA==":"105196504-1024x768.jpg","zjZzXhfmsP6Sw2+lvgqwhw==":"p1180491-600x450.jpg","daDMXMNEoiu4Aek18cy27Q==":"51514760-1024x683.jpg","8Pzwyxryr2Ih9ydDyPJfOg==":"51515246-576x768.jpg","314KKoVG74yCBV3r0LuYfQ==":"53855695-1024x576.jpg","518nmbGyr/XTUlhBfBVBpQ==":"105191436-1024x768.jpg","lFqc+V15CE4p6TQynPTLmQ==":"105196473-576x768.jpg","RCeywHU03r5ihoNzQHP1Og==":"105193110-1024x768.jpg","SGpTorN3sFNC8O2gaMAFcg==":"105196508-576x768.jpg","DtIsaS9VG4yW/neU2R9xPw==":"105196556-960x540.jpg","emqGVIKQwMnfw6voEQRIiQ==":"105191443-1024x768.jpg","EGSjZKHBxdot3Qd7ZgzWtQ==":"images-160x160.png","ng1S40HxI8W9vf1tFMCXZg==":"italy_texture.gif","rWMjrqSe2gxLr8YL2qGjOg==":"5104226627001_5222689739001_5212887501001-vs-160x90.jpg","JUjOPSDARQuF6G2vnno7nA==":"belairtraveller-150x150.jpg","CZTU3dUbl/K18tTVJTC9Uw==":"105193110%20-%20copia-1021x695.jpg","9ia1rTIEjO7HdpC97mIWKQ==":"105193110%20-%20copia-1016x638.jpg","IeBd8p85y1AfCQx3feRRnA==":"105193110%20-%20copia-1018x666.jpg","0JxdHRcU08ti5KFeVujAKQ==":"images-275x183.jpg","R23CTXdxRWY1f1ZkvaZbzA==":"105196551-960x540.jpg","Orp1vv7AttUVudtJAuLe4Q==":"chiesa_di_tropea_e_parcheggio-2000x1500.jpg","NG/wU8IrmJgdnofNCuC1Dw==":"chiesa_di_tropea_e_parcheggio-1845x1193.jpg","wWtM7BBHW3NliRhrrP2Fkw==":"download-745x497.jpg","kHBbPXEZTXACs/LYUxAKTQ==":"capovaticano2-1920x800.jpg","bsh+5HfvYfzNk5uiiwz0qg==":"capo-vaticano-da-sud-640x431.jpg","1pjFA3B6BXlbWTCEoABRaQ==":"ponza11-1920x1275.jpg","FLgXDzdWKXsEmzHQ34lnaQ==":"105193110%20-%20copia-1017x589.jpg","RGRPZ1sZY290pXq9FYF43A==":"105193110%20-%20copia%20(2)-1017x701.jpg","zfaUFnVGYVSplIqkFpG+DA==":"105193110%20-%20copia%20(2)-1014x668.jpg","liEGdtY33DahF/CfcYKM4A==":"p1180486-600x450.jpg","7ElYVN67o1NfOa2DceqFTw==":"p1180412-600x450.jpg","vY5zesZH6UhxfWd4ja8XtA==":"p1180480-600x449.jpg","8f+E4C2NQT6DZIpUZpgIqg==":"p1180470-600x450.jpg","t30333CtTILztoQatOsZEA==":"p1180490-1024x768.jpg","RgV8YCmnK3QiIc5/d3t72Q==":"p1180475-1024x767.jpg","j6g9oZNwSb9RtiBk5Wnszg==":"img-1024x683.jpg","ljnZwYwcJoFjn8v82RMVNQ==":"p1180434-2-1024x768.jpg","CYgrOrHQElZ2hbQr7yfjRA==":"p1180427-1400x600.jpg","oCUai7Nhm17Rwit12UNeTA==":"p1180417-1400x600.jpg","P8bzvjL5kLBdMMsbrcb14g==":"105191436%20-%20copia-1021x703.jpg","Hh4b9UXNzpeSWQBbI+eiJA==":"p1180434-2-1021x721.jpg","kPeJ1stm/hCpRpzhV/NEyg==":"p1180434-2-1018x691.jpg","RC0c7YByclCMDSFz6e/c9g==":"p1180434-2-1015x657.jpg","lxC9SJ3Amc8xj2RyfhAEUw==":"p1180434-2-1017x677.jpg","NB8F27yoesV9VsnR+7Z61g==":"105191436%20-%20copia-1018x673.jpg","EDB/4ILLQwfzYqzIkCgfuA==":"105191436%20-%20copia-1016x675.jpg","NVUIpHl2Nof9K19cKbzfqg==":"105190166-600x450.jpg","3sxgu9lD6yuRRPzBL2waoQ==":"capo_vaticano-1024x768.jpg"}